Runs,Mins,BF,4s,6s,SR,Pos,Dismissal,Inns,Opposition,Ground,Start Date,
11,-,20,2,0,55,5,lbw,2,Pakistan,Karachi,09-Nov-90,ODI # 639
23,78,40,2,0,57.5,4,caught,1,England,Lord's,27-May-91,ODI # 678
5,-,14,1,0,35.71,4,caught,2,Pakistan,Sharjah,17-Oct-91,ODI # 679
45,-,44,3,0,102.27,4,bowled,2,India,Sharjah,19-Oct-91,ODI # 681
0,-,2,0,0,0,4,lbw,2,Pakistan,Sharjah,21-Oct-91,ODI # 682
54,-,59,2,0,91.52,4,caught,1,Pakistan,Karachi,20-Nov-91,ODI # 689
18,-,42,0,0,42.85,4,bowled,1,Pakistan,Lahore,22-Nov-91,ODI # 690
45,-,65,4,0,69.23,4,caught,1,Pakistan,Faisalabad,24-Nov-91,ODI # 691
14,57,38,1,0,36.84,4,caught,2,India,Perth,06-Dec-91,ODI # 692
11,44,36,0,0,30.55,4,caught,2,Australia,Melbourne,12-Dec-91,ODI # 695
29,36,29,1,0,100,4,lbw,2,India,Adelaide,14-Dec-91,ODI # 696
19,74,54,1,0,35.18,4,caught,2,Australia,Sydney,18-Dec-91,ODI # 698
22,58,46,1,0,47.82,3,run out,1,Australia,Melbourne,09-Jan-92,ODI # 699
4,24,27,0,0,14.81,3,caught,2,India,Brisbane,11-Jan-92,ODI # 702
69,108,85,5,1,81.17,3,run out,1,Australia,Brisbane,12-Jan-92,ODI # 703
11,40,26,0,0,42.3,3,stumped,1,India,Melbourne,16-Jan-92,ODI # 707
88*,150,101,11,0,87.12,2,retired notout,2,Pakistan,Melbourne,23-Feb-92,ODI # 717
0,6,2,0,0,0,2,caught,1,England,Melbourne,27-Feb-92,ODI # 721
72,86,71,12,0,101.4,2,caught,1,Zimbabwe,Brisbane,29-Feb-92,ODI # 724
9,14,13,2,0,69.23,2,caught,2,South Africa,Christchurch,05-Mar-92,ODI # 730
52,104,81,-,-,64.19,2,caught,1,New Zealand,Auckland,08-Mar-92,ODI # 734
41,51,37,6,1,110.81,2,caught,2,India,Wellington,10-Mar-92,ODI # 737
1,8,6,0,0,16.66,2,caught,1,Sri Lanka,Berri,13-Mar-92,ODI # 742
70,180,97,3,0,72.16,2,run out,2,Australia,Melbourne,18-Mar-92,ODI # 749
50,-,68,4,0,73.52,2,caught,1,South Africa,Kingston,07-Apr-92,ODI # 753
86*,-,91,13,2,94.5,2,not out,2,South Africa,Port of Spain,11-Apr-92,ODI # 754
35,-,73,4,0,47.94,2,caught,2,South Africa,Port of Spain,12-Apr-92,ODI # 755
59,128,101,5,0,58.41,4,caught,1,Pakistan,Perth,04-Dec-92,ODI # 767
29,58,43,4,0,67.44,2,caught,2,Australia,Perth,06-Dec-92,ODI # 769
4,15,12,0,0,33.33,2,bowled,2,Australia,Sydney,08-Dec-92,ODI # 771
15,66,52,0,0,28.84,2,bowled,1,Pakistan,Adelaide,12-Dec-92,ODI # 775
74,167,123,2,0,60.16,1,bowled,2,Australia,Melbourne,15-Dec-92,ODI # 780
3,25,15,0,0,20,1,run out,1,Pakistan,Sydney,17-Dec-92,ODI # 782
10,37,33,1,0,30.3,1,caught,2,Pakistan,Brisbane,09-Jan-93,ODI # 788
10,32,28,1,0,35.71,2,caught,1,Australia,Brisbane,10-Jan-93,ODI # 789
67,110,81,7,0,82.71,1,caught,1,Australia,Sydney,16-Jan-93,ODI # 792
60,129,100,5,0,60,1,caught,2,Australia,Melbourne,18-Jan-93,ODI # 793
13,-,30,1,0,43.33,2,lbw,1,South Africa,Port Elizabeth,11-Feb-93,ODI # 801
0,-,1,0,0,0,3,bowled,2,Pakistan,Johannesburg,13-Feb-93,ODI # 802
14,-,28,3,0,50,4,run out,2,South Africa,Cape Town,17-Feb-93,ODI # 804
128,-,125,20,0,102.4,2,caught,1,Pakistan,Durban,19-Feb-93,ODI # 805
111*,-,140,14,1,79.28,2,not out,2,South Africa,Bloemfontein,23-Feb-93,ODI # 807
26*,-,34,3,0,76.47,2,not out,2,Pakistan,Cape Town,25-Feb-93,ODI # 808
49,-,68,4,1,72.05,2,bowled,2,Pakistan,Johannesburg,27-Feb-93,ODI # 810
114,156,116,11,1,98.27,1,bowled,2,Pakistan,Kingston,23-Mar-93,ODI # 821
95*,218,106,10,0,89.62,1,not out,2,Pakistan,Port of Spain,26-Mar-93,ODI # 824
5,43,19,0,0,26.31,2,caught,1,Pakistan,Port of Spain,27-Mar-93,ODI # 826
5,25,21,1,0,23.8,1,caught,2,Pakistan,Kingstown,30-Mar-93,ODI # 828
15,43,35,2,0,42.85,2,bowled,2,Pakistan,Georgetown,03-Apr-93,ODI # 829
5,-,24,0,0,20.83,2,caught,2,Sri Lanka,Sharjah,28-Oct-93,ODI # 839
14,-,30,1,0,46.66,2,caught,1,Pakistan,Sharjah,29-Oct-93,ODI # 840
14,-,39,2,0,35.89,1,caught,1,Pakistan,Sharjah,01-Nov-93,ODI # 842
42,-,63,5,1,66.66,1,caught,2,Sri Lanka,Sharjah,03-Nov-93,ODI # 844
153,-,143,21,0,106.99,2,caught,2,Pakistan,Sharjah,05-Nov-93,ODI # 845
67,-,109,11,0,61.46,1,caught,1,Sri Lanka,Mumbai,09-Nov-93,ODI # 847
7,-,20,1,0,35,1,caught,2,South Africa,Mumbai (BS),14-Nov-93,ODI # 849
23,-,37,2,0,62.16,1,bowled,1,India,Ahmedabad,16-Nov-93,ODI # 851
4,17,18,0,0,22.22,1,caught,1,Zimbabwe,Hyderabad (Deccan),21-Nov-93,ODI # 854
82,-,121,8,0,67.76,1,bowled,2,Sri Lanka,Kolkata,25-Nov-93,ODI # 857
33,-,47,6,0,70.21,1,bowled,2,India,Kolkata,27-Nov-93,ODI # 858
89,140,118,8,0,75.42,1,caught,1,Sri Lanka,Colombo (PSS),01-Dec-93,ODI # 859
65,-,77,5,0,84.41,2,caught,1,Sri Lanka,Colombo (RPS),16-Dec-93,ODI # 864
29,-,54,1,0,53.7,2,bowled,2,Sri Lanka,Colombo (SSC),18-Dec-93,ODI # 866
9,17,16,2,0,56.25,2,caught,2,England,Bridgetown,16-Feb-94,ODI # 880
8,22,21,1,0,38.09,2,lbw,2,England,Kingston,26-Feb-94,ODI # 887
60,50,41,5,0,146.34,3,caught,1,England,Kingstown,02-Mar-94,ODI # 888
19,24,25,4,0,76,3,lbw,1,England,Port of Spain,05-Mar-94,ODI # 890
16,40,29,0,0,55.17,3,caught,1,England,Port of Spain,06-Mar-94,ODI # 892
10,18,16,1,0,62.5,3,caught,1,India,Faridabad,17-Oct-94,ODI # 931
6,25,18,0,0,33.33,3,caught,1,India,Mumbai,20-Oct-94,ODI # 933
74,120,83,5,0,89.15,3,lbw,1,India,Chennai,23-Oct-94,ODI # 936
32,55,38,5,0,84.21,3,stumped,1,New Zealand,Margao,26-Oct-94,ODI # 938
69,125,75,7,0,92,3,caught,1,New Zealand,Guwahati,01-Nov-94,ODI # 943
1,13,11,0,0,9.09,3,bowled,2,India,Kolkata,05-Nov-94,ODI # 947
39,65,55,2,0,70.9,3,caught,2,India,Visakhapatnam,07-Nov-94,ODI # 949
89,123,106,8,1,83.96,3,stumped,1,India,Cuttack,09-Nov-94,ODI # 950
47,90,59,8,0,79.66,3,lbw,2,India,Jaipur,11-Nov-94,ODI # 951
55*,47,32,8,1,171.87,3,not out,2,New Zealand,Auckland,22-Jan-95,ODI # 972
72,136,85,7,0,84.7,3,run out,1,New Zealand,Wellington,25-Jan-95,ODI # 973
34*,49,48,4,0,70.83,3,not out,2,New Zealand,Christchurch,28-Jan-95,ODI # 974
55,101,72,7,0,76.38,3,caught,1,Australia,Bridgetown,08-Mar-95,ODI # 985
62,104,71,8,0,87.32,3,caught,2,Australia,Port of Spain,11-Mar-95,ODI # 986
139,168,123,15,3,113,3,caught,1,Australia,Port of Spain,12-Mar-95,ODI # 987
DNB,-,-,-,-,-,-,-,2,Australia,Kingstown,15-Mar-95,ODI # 988
70,100,95,7,1,73.68,3,caught,2,England,Nottingham,24-May-95,ODI # 1000
39,51,36,6,0,108.33,3,bowled,2,England,The Oval,26-May-95,ODI # 1001
11,15,10,2,0,110,3,caught,2,England,Lord's,28-May-95,ODI # 1002
19,-,40,0,0,47.5,3,run out,2,Sri Lanka,Sharjah,11-Oct-95,ODI # 1006
21,-,15,2,1,140,3,caught,2,Pakistan,Sharjah,13-Oct-95,ODI # 1008
52,-,58,5,2,89.65,3,caught,2,Pakistan,Sharjah,15-Oct-95,ODI # 1009
169,-,129,15,4,131,3,bowled,1,Sri Lanka,Sharjah,16-Oct-95,ODI # 1010
8,-,25,0,0,32,3,caught,2,Sri Lanka,Sharjah,20-Oct-95,ODI # 1012
43*,44,31,5,2,138.7,3,not out,2,Zimbabwe,Hyderabad (Deccan),16-Feb-96,ODI # 1050
2,8,5,0,0,40,3,caught,1,India,Gwalior,21-Feb-96,ODI # 1056
8,19,11,1,0,72.72,3,caught,2,Kenya,Pune,29-Feb-96,ODI # 1066
60,102,70,7,0,85.71,3,caught,2,Australia,Jaipur,04-Mar-96,ODI # 1072
111,142,94,16,0,118.08,3,caught,1,South Africa,Karachi,11-Mar-96,ODI # 1079
45,69,45,4,0,100,3,bowled,2,Australia,Mohali,14-Mar-96,ODI # 1082
12,17,13,2,0,92.3,3,lbw,2,New Zealand,Kingston,26-Mar-96,ODI # 1084
11,19,20,1,0,55,3,caught,1,New Zealand,Port of Spain,29-Mar-96,ODI # 1085
146*,165,134,12,3,108.95,3,not out,2,New Zealand,Port of Spain,30-Mar-96,ODI # 1086
17,18,13,4,0,130.76,3,caught,2,New Zealand,Georgetown,03-Apr-96,ODI # 1090
104,172,103,10,1,100.97,3,caught,2,New Zealand,Kingstown,06-Apr-96,ODI # 1092
71,-,93,6,1,76.34,3,caught,2,Sri Lanka,Port of Spain,13-Apr-96,ODI # 1096
5,36,21,0,0,23.8,3,caught,1,Australia,Melbourne,06-Dec-96,ODI # 1147
26,65,48,1,0,54.16,3,caught,1,Australia,Sydney,08-Dec-96,ODI # 1149
31*,39,44,5,0,70.45,4,not out,2,Pakistan,Adelaide,17-Dec-96,ODI # 1154
48,101,74,2,0,64.86,4,caught,2,Pakistan,Brisbane,03-Jan-97,ODI # 1157
102,128,114,8,2,89.47,3,caught,2,Australia,Brisbane,05-Jan-97,ODI # 1159
103*,146,116,10,0,88.79,3,not out,2,Pakistan,Perth,10-Jan-97,ODI # 1161
90,139,110,4,3,81.81,3,caught,2,Australia,Perth,12-Jan-97,ODI # 1162
0,3,2,0,0,0,3,caught,1,Pakistan,Sydney,18-Jan-97,ODI # 1165
19,89,59,2,0,32.2,3,caught,2,Pakistan,Melbourne,20-Jan-97,ODI # 1166
25*,83,45,2,0,55.55,3,not out,2,India,Port of Spain,26-Apr-97,ODI # 1200
0,1,1,0,0,0,3,caught,1,India,Port of Spain,27-Apr-97,ODI # 1201
33,50,38,5,0,86.84,3,bowled,1,India,Kingstown,30-Apr-97,ODI # 1202
DNB,-,-,-,-,-,-,-,2,India,Bridgetown,03-May-97,ODI # 1203
67,-,68,6,2,98.52,4,caught,1,Sri Lanka,Port of Spain,06-Jun-97,ODI # 1215
80,-,108,7,0,74.07,3,bowled,1,Sri Lanka,Lahore,01-Nov-97,ODI # 1247
68,101,70,10,1,97.14,3,run out,1,South Africa,Lahore,03-Nov-97,ODI # 1249
7,-,12,1,0,58.33,3,bowled,1,Pakistan,Lahore,04-Nov-97,ODI # 1250
88,130,80,7,3,110,3,caught,1,Pakistan,Sharjah,12-Dec-97,ODI # 1260
0,1,2,0,0,0,3,lbw,1,England,Sharjah,13-Dec-97,ODI # 1261
23,35,20,4,1,115,3,caught,1,India,Sharjah,16-Dec-97,ODI # 1264
2,5,3,0,0,66.66,3,stumped,1,England,Sharjah,19-Dec-97,ODI # 1266
110,140,106,15,3,103.77,3,run out,2,England,Bridgetown,29-Mar-98,ODI # 1299
24,22,19,5,0,126.31,3,caught,2,England,Bridgetown,01-Apr-98,ODI # 1301
21,41,32,2,1,65.62,3,caught,2,England,Kingstown,04-Apr-98,ODI # 1304
51,75,64,7,0,79.68,5,bowled,2,England,Kingstown,05-Apr-98,ODI # 1307
93,143,105,10,0,88.57,4,bowled,1,England,Port of Spain,08-Apr-98,ODI # 1310
16,18,14,3,0,114.28,4,caught,1,Pakistan,Dhaka,29-Oct-98,ODI # 1361
60*,120,89,5,0,67.41,4,not out,2,India,Dhaka,31-Oct-98,ODI # 1363
11,15,9,0,1,122.22,4,bowled,1,South Africa,Dhaka,01-Nov-98,ODI # 1364
0,1,1,0,0,0,4,caught,1,South Africa,Johannesburg,22-Jan-99,ODI # 1390
3,34,26,0,0,11.53,4,caught,1,South Africa,East London,24-Jan-99,ODI # 1393
32,86,49,4,0,65.3,3,caught,2,South Africa,Durban,27-Jan-99,ODI # 1395
9,46,29,1,0,31.03,4,caught,2,South Africa,Centurion,07-Feb-99,ODI # 1404
16,39,30,1,0,53.33,3,caught,1,Australia,Kingstown,11-Apr-99,ODI # 1433
9,19,13,2,0,69.23,3,bowled,2,Australia,St George's,14-Apr-99,ODI # 1436
18*,41,25,2,0,72,5,not out,2,Australia,Port of Spain,17-Apr-99,ODI # 1438
6,11,11,1,0,54.54,5,bowled,2,Australia,Port of Spain,18-Apr-99,ODI # 1439
11,8,9,2,0,122.22,4,caught,2,Pakistan,Bristol,16-May-99,ODI # 1447
25,20,25,4,0,100,4,caught,2,Bangladesh,Dublin,21-May-99,ODI # 1454
36,61,54,3,1,66.66,4,caught,2,New Zealand,Southampton,24-May-99,ODI # 1460
25*,13,17,3,1,147.05,4,not out,2,Scotland,Leicester,27-May-99,ODI # 1465
9,14,15,1,0,60,4,bowled,1,Australia,Manchester,30-May-99,ODI # 1470
48,-,44,3,4,109.09,4,caught,2,Zimbabwe,Singapore,02-Sep-99,ODI # 1492
60,40,43,2,5,139.53,7,caught,1,India,Singapore,05-Sep-99,ODI # 1494
TDNB,-,-,-,-,-,-,-,-,India,Singapore,07-Sep-99,ODI # 1495
18,-,11,4,0,163.63,4,bowled,2,India,Singapore,08-Sep-99,ODI # 1496
2,-,7,0,0,28.57,5,caught,1,India,Toronto,11-Sep-99,ODI # 1497
34,-,63,5,0,53.96,5,caught,1,India,Toronto,12-Sep-99,ODI # 1498
26,-,37,4,0,70.27,5,caught,2,India,Toronto,14-Sep-99,ODI # 1499
20,-,30,2,0,66.66,5,caught,2,Pakistan,Toronto,16-Sep-99,ODI # 1500
26,-,21,5,0,123.8,4,lbw,2,Pakistan,Toronto,18-Sep-99,ODI # 1501
12,-,25,0,1,48,5,caught,1,Pakistan,Toronto,19-Sep-99,ODI # 1502
2,6,4,0,0,50,1,caught,1,Bangladesh,Dhaka,08-Oct-99,ODI # 1510
117,-,62,18,4,188.7,2,bowled,1,Bangladesh,Dhaka,09-Oct-99,ODI # 1511
0,-,3,0,0,0,2,caught,2,Sri Lanka,Sharjah,13-Oct-99,ODI # 1512
8,-,13,1,0,61.53,2,caught,2,Pakistan,Sharjah,14-Oct-99,ODI # 1513
29,-,42,1,1,69.04,4,run out,1,Sri Lanka,Sharjah,17-Oct-99,ODI # 1515
30,-,51,0,1,58.82,4,caught,2,Pakistan,Sharjah,19-Oct-99,ODI # 1517
76,104,81,3,2,93.82,3,caught,1,New Zealand,Auckland,02-Jan-00,ODI # 1532
2,6,6,0,0,33.33,4,caught,1,New Zealand,Taupo,04-Jan-00,ODI # 1533
30,65,45,2,0,66.66,5,caught,1,New Zealand,Napier,06-Jan-00,ODI # 1534
5,10,8,1,0,62.5,4,lbw,1,New Zealand,Wellington,08-Jan-00,ODI # 1535
37,39,30,7,0,123.33,4,caught,2,New Zealand,Christchurch,11-Jan-00,ODI # 1538
60,71,63,6,1,95.23,4,caught,1,Zimbabwe,Bristol,06-Jul-00,ODI # 1605
TDNB,-,-,-,-,-,-,-,-,England,Lord's,09-Jul-00,ODI # 1609
3,33,21,0,0,14.28,4,bowled,2,Zimbabwe,Canterbury,11-Jul-00,ODI # 1611
54,122,101,3,0,53.46,3,caught,1,England,Chester-le-Street,15-Jul-00,ODI # 1615
87,102,76,6,3,114.47,3,bowled,1,Zimbabwe,Chester-le-Street,16-Jul-00,ODI # 1616
5,9,8,1,0,62.5,3,caught,2,Sri Lanka,Nairobi (Gym),04-Oct-00,ODI # 1631
28,66,48,4,0,58.33,3,caught,2,Australia,Melbourne,11-Jan-01,ODI # 1667
21,43,34,2,0,61.76,3,caught,2,Zimbabwe,Brisbane,13-Jan-01,ODI # 1669
19,44,29,3,0,65.51,3,caught,1,Australia,Brisbane,14-Jan-01,ODI # 1670
116*,143,106,10,2,109.43,4,not out,2,Australia,Sydney,17-Jan-01,ODI # 1672
0,11,7,0,0,0,4,lbw,2,Zimbabwe,Sydney,23-Jan-01,ODI # 1675
70,148,96,3,1,72.91,4,caught,1,Zimbabwe,Adelaide,25-Jan-01,ODI # 1676
0,2,1,0,0,0,4,lbw,1,Australia,Adelaide,26-Jan-01,ODI # 1677
83*,139,98,6,0,84.69,4,not out,1,Zimbabwe,Perth,02-Feb-01,ODI # 1681
35,50,38,7,0,92.1,4,caught,2,Australia,Sydney,07-Feb-01,ODI # 1685
0,4,6,0,0,0,3,caught,2,Australia,Melbourne,09-Feb-01,ODI # 1687
54,105,97,4,0,55.67,4,caught,2,South Africa,Kingston,28-Apr-01,ODI # 1712
13,46,38,0,0,34.21,3,caught,1,South Africa,St John's,02-May-01,ODI # 1713
31,65,39,4,0,79.48,4,bowled,2,South Africa,St George's,05-May-01,ODI # 1714
25,63,42,4,0,59.52,4,caught,1,South Africa,St George's,06-May-01,ODI # 1715
92,182,125,9,0,73.6,3,bowled,1,South Africa,Bridgetown,09-May-01,ODI # 1716
41,68,63,5,0,65.07,3,run out,2,South Africa,Port of Spain,12-May-01,ODI # 1717
18,55,33,2,0,54.54,3,caught,2,South Africa,Kingstown,16-May-01,ODI # 1718
2,15,9,0,0,22.22,3,lbw,1,Zimbabwe,Colombo (SSC),09-Dec-01,ODI # 1777
60,72,53,6,2,113.2,3,lbw,1,Sri Lanka,Colombo (RPS),11-Dec-01,ODI # 1778
24*,48,29,4,0,82.75,3,retired notout,1,Sri Lanka,Kandy,15-Dec-01,ODI # 1780
5,14,10,1,0,50,4,caught,1,India,Bridgetown,29-May-02,ODI # 1836
4*,13,17,0,0,23.52,4,not out,2,India,Port of Spain,01-Jun-02,ODI # 1837
36,95,69,1,0,52.17,4,caught,2,India,Port of Spain,02-Jun-02,ODI # 1838
TDNB,-,-,-,-,-,-,-,-,New Zealand,Kingston,05-Jun-02,ODI # 1839
9*,12,5,1,0,180,6,not out,2,New Zealand,Gros Islet,08-Jun-02,ODI # 1840
59*,104,80,5,1,73.75,4,not out,2,New Zealand,Gros Islet,09-Jun-02,ODI # 1841
0,7,5,0,0,0,3,caught,2,New Zealand,Port of Spain,12-Jun-02,ODI # 1843
47,76,59,5,0,79.66,3,caught,2,New Zealand,Kingstown,16-Jun-02,ODI # 1845
21,52,33,3,0,63.63,3,caught,1,South Africa,Colombo (SSC),13-Sep-02,ODI # 1875
111,137,120,8,2,92.5,3,bowled,1,Kenya,Colombo (SSC),17-Sep-02,ODI # 1879
116,181,134,12,2,86.56,3,caught,1,South Africa,Cape Town,09-Feb-03,ODI # 1942
2,4,4,0,0,50,3,run out,2,New Zealand,Port Elizabeth,13-Feb-03,ODI # 1949
46,111,76,5,0,60.52,3,caught,1,Bangladesh,Benoni,18-Feb-03,ODI # 1956
73,60,40,8,5,182.5,3,bowled,2,Canada,Centurion,23-Feb-03,ODI # 1963
1,23,22,0,0,4.54,3,caught,2,Sri Lanka,Cape Town,28-Feb-03,ODI # 1973
10,24,30,0,0,33.33,3,caught,1,Kenya,Kimberley,04-Mar-03,ODI # 1981
23,43,28,3,0,82.14,4,caught,2,Australia,Kingston,17-May-03,ODI # 2011
5,25,12,0,0,41.66,4,caught,1,Australia,Kingston,18-May-03,ODI # 2013
4,-,9,0,0,44.44,4,bowled,2,Australia,Gros Islet,21-May-03,ODI # 2016
40,-,47,4,0,85.1,5,caught,2,Australia,Port of Spain,24-May-03,ODI # 2018
80,-,101,11,1,79.2,3,caught,1,Australia,Port of Spain,25-May-03,ODI # 2019
15,-,32,1,0,46.87,3,caught,2,Australia,St George's,30-May-03,ODI # 2020
75*,-,65,2,4,115.38,3,not out,2,Australia,St George's,01-Jun-03,ODI # 2021
64*,-,130,4,0,49.23,5,not out,2,Sri Lanka,Bridgetown,07-Jun-03,ODI # 2022
116,-,106,8,2,109.43,3,caught,1,Sri Lanka,Bridgetown,08-Jun-03,ODI # 2023
14,-,17,1,1,82.35,3,caught,2,Sri Lanka,Kingstown,11-Jun-03,ODI # 2024
113,105,82,14,3,137.8,3,run out,1,Zimbabwe,Bulawayo,22-Nov-03,ODI # 2065
2,12,9,0,0,22.22,3,lbw,1,Zimbabwe,Bulawayo,23-Nov-03,ODI # 2066
34,69,45,5,0,75.55,4,bowled,2,Zimbabwe,Harare,26-Nov-03,ODI # 2067
14,30,25,0,1,56,3,caught,1,Zimbabwe,Harare,29-Nov-03,ODI # 2069
41,77,42,5,2,97.61,3,bowled,2,Zimbabwe,Harare,30-Nov-03,ODI # 2070
2,22,16,0,0,12.5,3,lbw,2,South Africa,Cape Town,25-Jan-04,ODI # 2088
9,36,25,1,0,36,5,run out,2,South Africa,Port Elizabeth,28-Jan-04,ODI # 2090
15,45,30,1,0,50,5,caught,1,South Africa,Durban,30-Jan-04,ODI # 2092
59*,56,37,6,1,159.45,5,not out,2,South Africa,Centurion,01-Feb-04,ODI # 2094
11,15,11,1,0,100,3,caught,1,South Africa,Johannesburg,04-Feb-04,ODI # 2096
DNB,-,-,-,-,-,-,-,1,England,Port of Spain,24-Apr-04,ODI # 2121
37,60,41,3,0,90.24,5,caught,2,England,Gros Islet,01-May-04,ODI # 2125
57,95,68,4,0,83.82,5,caught,2,England,Gros Islet,02-May-04,ODI # 2126
8,33,28,1,0,28.57,5,caught,1,England,Bridgetown,05-May-04,ODI # 2127
36,20,22,6,1,163.63,5,hit wicket,1,New Zealand,Birmingham,26-Jun-04,ODI # 2134
32*,31,29,6,0,110.34,5,not out,2,England,Nottingham,27-Jun-04,ODI # 2135
6,29,22,0,0,27.27,5,bowled,1,England,Leeds,01-Jul-04,ODI # 2137
58,68,58,9,1,100,2,caught,1,New Zealand,Cardiff,03-Jul-04,ODI # 2138
10,14,12,0,0,83.33,4,caught,2,England,Lord's,06-Jul-04,ODI # 2140
TDNB,-,-,-,-,-,-,-,-,New Zealand,Southampton,08-Jul-04,ODI # 2141
30,49,41,1,0,73.17,4,lbw,2,New Zealand,Lord's,10-Jul-04,ODI # 2142
20,11,7,1,2,285.71,4,run out,1,Bangladesh,Southampton,15-Sep-04,ODI # 2175
49,109,85,5,0,57.64,4,bowled,2,South Africa,The Oval,18-Sep-04,ODI # 2178
31*,43,30,5,0,103.33,4,retired notout,2,Pakistan,Southampton,22-Sep-04,ODI # 2181
14,45,28,2,0,50,4,caught,2,England,The Oval,25-Sep-04,ODI # 2182
52,91,77,3,0,67.53,4,caught,1,Asia XI,Melbourne,10-Jan-05,ODI # 2203
58,112,68,6,0,85.29,4,caught,2,Australia,Melbourne,14-Jan-05,ODI # 2204
39,-,30,6,1,130,4,caught,1,Pakistan,Brisbane,19-Jan-05,ODI # 2206
6,-,16,0,0,37.5,4,caught,1,Australia,Brisbane,21-Jan-05,ODI # 2208
29,-,38,1,1,76.31,5,caught,2,Australia,Adelaide,26-Jan-05,ODI # 2212
156,176,138,12,5,113.04,4,bowled,1,Pakistan,Adelaide,28-Jan-05,ODI # 2213
19,-,20,4,0,95,4,caught,2,Pakistan,Perth,01-Feb-05,ODI # 2218
8,38,20,1,0,40,4,caught,1,South Africa,Kingston,07-May-05,ODI # 2241
0,8,4,0,0,0,4,caught,1,South Africa,Kingston,08-May-05,ODI # 2242
32,74,42,3,0,76.19,4,caught,2,South Africa,Bridgetown,11-May-05,ODI # 2243
22,-,45,3,0,48.88,4,caught,1,South Africa,Port of Spain,14-May-05,ODI # 2244
12,27,18,0,0,66.66,3,caught,1,South Africa,Port of Spain,15-May-05,ODI # 2245
0,3,2,0,0,0,4,caught,2,Australia,Melbourne (Docklands),05-Oct-05,ODI # 2282
5,15,10,0,0,50,5,caught,2,Australia,Melbourne (Docklands),07-Oct-05,ODI # 2283
0,1,1,0,0,0,5,caught,2,Australia,Melbourne (Docklands),09-Oct-05,ODI # 2284
40*,59,43,3,1,93.02,6,not out,2,Zimbabwe,St John's,29-Apr-06,ODI # 2368
5,-,9,0,0,55.55,6,caught,1,Zimbabwe,St John's,30-Apr-06,ODI # 2369
56,-,45,10,0,124.44,3,caught,1,Zimbabwe,Georgetown,07-May-06,ODI # 2370
DNB,-,-,-,-,-,-,-,2,Zimbabwe,Gros Islet,10-May-06,ODI # 2371
2,-,10,0,0,20,4,caught,1,Zimbabwe,Port of Spain,13-May-06,ODI # 2372
40,-,38,2,3,105.26,4,caught,1,Zimbabwe,Port of Spain,14-May-06,ODI # 2373
35,69,44,3,1,79.54,4,caught,1,India,Kingston,18-May-06,ODI # 2377
14,41,33,2,0,42.42,4,caught,1,India,Kingston,20-May-06,ODI # 2379
5,-,11,1,0,45.45,5,caught,2,India,Basseterre,23-May-06,ODI # 2380
69,-,97,8,1,71.13,4,caught,2,India,Port of Spain,26-May-06,ODI # 2381
36,-,63,1,1,57.14,4,run out,1,India,Port of Spain,28-May-06,ODI # 2382
1,6,3,0,0,33.33,4,lbw,2,Australia,Kuala Lumpur,12-Sep-06,ODI # 2413
27*,27,30,4,1,90,4,not out,2,India,Kuala Lumpur,14-Sep-06,ODI # 2414
87,136,80,11,1,108.75,4,caught,2,Australia,Kuala Lumpur,18-Sep-06,ODI # 2417
40*,56,48,6,0,83.33,9,not out,2,India,Kuala Lumpur,20-Sep-06,ODI # 2419
5,13,18,1,0,27.77,5,caught,2,Australia,Kuala Lumpur,24-Sep-06,ODI # 2422
24*,16,20,2,2,120,3,not out,2,Zimbabwe,Ahmedabad,08-Oct-06,ODI # 2424
DNB,-,-,-,-,-,-,-,2,Bangladesh,Jaipur,11-Oct-06,ODI # 2426
13,56,35,2,0,37.14,4,lbw,1,Sri Lanka,Mumbai (BS),14-Oct-06,ODI # 2428
71,122,94,7,2,75.53,6,caught,1,Australia,Mumbai (BS),18-Oct-06,ODI # 2432
5,6,5,1,0,100,6,bowled,2,India,Ahmedabad,26-Oct-06,ODI # 2437
3,7,6,0,0,50,5,bowled,1,England,Ahmedabad,28-Oct-06,ODI # 2439
9,11,10,1,0,90,5,caught,2,South Africa,Jaipur,02-Nov-06,ODI # 2442
2,26,18,0,0,11.11,5,caught,1,Australia,Mumbai (BS),05-Nov-06,ODI # 2443
14,33,29,1,0,48.27,5,run out,1,Pakistan,Faisalabad,07-Dec-06,ODI # 2460
0,5,1,0,0,0,2,lbw,1,Pakistan,Lahore,10-Dec-06,ODI # 2463
13*,28,20,1,1,65,5,not out,2,Pakistan,Multan,13-Dec-06,ODI # 2464
44,77,55,2,0,80,5,bowled,1,Pakistan,Karachi,16-Dec-06,ODI # 2466
31,28,23,2,2,134.78,5,stumped,2,India,Nagpur,21-Jan-07,ODI # 2480
83,119,88,10,2,94.31,5,caught,2,India,Chennai,27-Jan-07,ODI # 2487
3,6,2,0,0,150,5,run out,2,India,Vadodara,31-Jan-07,ODI # 2493
37,56,56,3,1,66.07,5,caught,1,Pakistan,Kingston,13-Mar-07,ODI # 2531
44*,83,68,2,1,64.7,5,not out,2,Zimbabwe,Kingston,19-Mar-07,ODI # 2543
DNB,-,-,-,-,-,-,-,2,Ireland,Kingston,23-Mar-07,ODI # 2551
77,118,83,8,1,92.77,5,lbw,2,Australia,North Sound,27-Mar-07,ODI # 2555
37,65,49,1,0,75.51,5,caught,1,New Zealand,North Sound,29-Mar-07,ODI # 2557
2,9,4,0,0,50,4,stumped,2,Sri Lanka,Providence,01-Apr-07,ODI # 2560
21,44,26,1,0,80.76,4,bowled,2,South Africa,St George's,10-Apr-07,ODI # 2567
33,34,27,1,2,122.22,6,caught,1,Bangladesh,Bridgetown,19-Apr-07,ODI # 2576
18,39,17,3,0,105.88,3,run out,1,England,Bridgetown,21-Apr-07,ODI # 2578
